{"cameraMode":{"drawMode":0,"name":"Shaded","section":"Shading Mode"},"sceneLighting":true,"audioPlay":false,"sceneViewState":{"m_AlwaysRefresh":false,"showFog":true,"showSkybox":true,"showFlares":true,"showImageEffects":true,"showParticleSystems":true,"showVisualEffectGraphs":true,"m_FxEnabled":true},"in2DMode":false,"pivot":{"x":1126.4971923828125,"y":498.1849365234375,"z":-10.979721069335938},"rotation":{"x":-0.036303356289863589,"y":-0.008270670659840107,"z":0.00007934031600598246,"w":-0.999415934085846},"size":560.3587646484375,"orthographic":false}